{
  "num_cadets": 8,
  "num_assigned_shifts": 13,
  "total_shifts": 13,
  "difficulty_mean": 4.846153846153846,
  "difficulty_median": 5.0,
  "mean_workload": 32.17633596217539
}